id;area;master_area
10000003;CIENCIAS EXATAS E DA TERRA;10000003
10100008;MATEMATICA ;10000003
10101004;ALGEBRA;10100008
10101012;CONJUNTOS;10100008
10101020;LOGICA MATEMATICA;10100008
10101039;TEORIA DOS NUMEROS;10100008
10101047;GRUPO DE ALGEBRA NAO-COMUTATIVA;10100008
10101055;ALGEBRA COMUTATIVA;10100008
10101063;GEOMETRIA ALGEBRICA;10100008
10102000;ANALISE;10100008
10102019;ANALISE COMPLEXA;10100008
10102027;ANALISE FUNCIONAL;10100008
10102035;ANALISE FUNCIONAL NAO-LINEAR;10100008
10102043;EQUACOES DIFERENCIAIS ORDINARIAS;10100008
10102051;EQUACOES DIFERENCIAIS PARCIAIS;10100008
10102060;EQUACOES DIFERENCIAIS FUNCIONAIS;10100008
10103007;GEOMETRIA E TOPOLOGIA;10100008
10103015;GEOMETRIA DIFERENCIAL;10100008
10103023;TOPOLOGIA ALGEBRICA;10100008
10103031;TOPOLOGIA DAS VARIEDADES;10100008
10103040;SISTEMAS DINAMICOS;10100008
10103058;TEORIA DAS SINGULARIDADES E TEORIA DAS CATASTROFES;10100008
10103066;TEORIA DAS FOLHEACOES;10100008
10104003;MATEMATICA APLICADA;10100008
10104011;FISICA MATEMATICA;10100008
10104020;ANALISE NUMERICA;10100008
10104038;MATEMATICA DISCRETA E COMBINATORIA;10100008
10200002;PROBABILIDADE E ESTATISTICA;10000003
10201017;TEORIA GERAL E FUNDAMENTOS DA PROBABILIDADE;10200002
10201025;TEORIA GERAL E PROCESSOS ESTOCASTICOS;10200002
10201033;TEOREMAS DE LIMITE;10200002
10201041;PROCESSOS MARKOVIANOS;10200002
10201050;ANALISE ESTOCASTICA;10200002
10201068;PROCESSOS ESTOCASTICOS ESPECIAIS;10200002
10202005;ESTATISTICA;10200002
10202013;FUNDAMENTOS DA ESTATISTICA;10200002
10202021;INFERENCIA PARAMETRICA;10200002
10202030;INFERENCIA NAO-PARAMETRICA;10200002
10202048;INFERENCIA EM PROCESSOS ESTOCASTICOS;10200002
10202056;ANALISE MULTIVARIADA;10200002
10202064;REGRESSAO E CORRELACAO;10200002
10202072;PLANEJAMENTO DE EXPERIMENTOS;10200002
10202080;ANALISE DE DADOS;10200002
10203001;PROBABILIDADE E ESTATISTICA APLICADAS  ;10200002
10300007;CIENCIA DA COMPUTACAO ;10000003
10301003;TEORIA DA COMPUTACAO;10300007
10301011;COMPUTABILIDADE E MODELOS DE COMPUTACAO;10300007
10301020;LINGUAGEM FORMAIS E AUTOMATOS;10300007
10301038;ANALISE DE ALGORITMOS E COMPLEXIDADE DE COMPUTACAO;10300007
10301046;LOGICAS E SEMANTICA DE PROGRAMAS;10300007
10302000;MATEMATICA DA COMPUTACAO;10300007
10302018;MATEMATICA SIMBOLICA;10300007
10302026;MODELOS ANALITICOS E DE SIMULACAO;10300007
10303006;METODOLOGIA E TECNICAS DA COMPUTACAO;10300007
10303014;LINGUAGENS DE PROGRAMACAO;10300007
10303022;ENGENHARIA DE SOFTWARE;10300007
10303030;BANCO DE DADOS;10300007
10303049;SISTEMAS DE INFORMACAO;10300007
10303057;PROCESSAMENTO GRAFICO (GRAPHICS);10300007
10304002;SISTEMA DE COMPUTACAO;10300007
10304010;HARDWARE;10300007
10304029;ARQUITETURA DE SISTEMAS DE COMPUTACAO;10300007
10304037;SOFTWARE BASICO;10300007
10304045;TELEINFORMATICA;10300007
10400001;ASTRONOMIA ;10000003
10401008;ASTRONOMIA DE POSICAO E MECANICA CELESTE;10400001
10401016;ASTRONOMIA FUNDAMENTAL;10400001
10401024;ASTRONOMIA DINAMICA;10400001
10402004;ASTROFISICA ESTELAR;10400001
10403000;ASTROFISICA DO MEIO INTERESTELAR;10400001
10403019;MEIO INTERESTELAR;10400001
10403027;NEBULOSA;10400001
10404007;ASTROFISICA EXTRAGALATICA;10400001
10404015;GALAXIAS;10400001
10404023;AGLOMERADOS DE GALAXIAS;10400001
10404031;QUASARES;10400001
10404040;COSMOLOGIA;10400001
10405003;ASTROFISICA DO SISTEMA SOLAR;10400001
10405011;FISICA SOLAR;10400001
10405020;MOVIMENTO DA TERRA;10400001
10405038;SISTEMA PLANETARIO;10400001
10406000;INSTRUMENTACAO ASTRONOMICA;10400001
10406018;ASTRONOMIA OTICA;10400001
10406026;RADIOASTRONOMIA;10400001
10406034;ASTRONOMIA ESPACIAL;10400001
10406042;PROCESSAMENTO DE DADOS ASTRONOMICOS;10400001
10500006;FISICA;10000003
10501002;FISICA GERAL;10500006
10501010;METODOS MATEMATICOS DA FISICA;10500006
10501029;FISICA CLASSICA E FISICA QUANTICA MECANICA E CAMPOS;10500006
10501037;RELATIVIDADE E GRAVITACAO;10500006
10501045;FISICA ESTATISTICA E TERMODINAMICA;10500006
10501053;METROLOGIA TECN. GER. DE LAB. E SIST. DE INSTRUMENTACAO;10500006
10501061;INSTRUMENTACAO ESPECIFICA DE USO GERAL EM FISICA;10500006
10502009;AREAS CLASSICAS DE FENOMENOLOGIA E SUAS APLICACOES;10500006
10502017;ELETRICIDADE E MAGNETISMO CAMPOS E PARTICULAS CARREGADAS;10500006
10502025;OTICA;10500006
10502033;ACUSTICA;10500006
10502041;TRANSFERENCIA DE CALOR PROCESSOS TERMICOS E TERMODINAMICOS;10500006
10502050;MECANICA ELASTICIDADE E REOLOGIA;10500006
10502068;DINAMICA DOS FLUIDOS;10500006
10503005;FISICA DAS PARTICULAS ELEMENTARES E CAMPOS;10500006
10503013;TEORIA GERAL DE PARTICULAS E CAMPOS;10500006
10503021;TEOR.ESP.E MOD.DE INTERACAO SIST.DE PARTICULAS R.COSMICOS;10500006
10503030;REACOES ESPECIFICAS E FENOMIOLOGIA DE PARTICULAS;10500006
10503048;PROPRIEDADES DE PARTICULAS ESPECIFICAS E RESSONANCIAS;10500006
10504001;FISICA NUCLEAR;10500006
10504010;ESTRUTURA NUCLEAR;10500006
10504028;DESINTEGRACAO NUCLEAR E RADIOATIVIDADE;10500006
10504036;REACOES NUCLEARES E ESPALHAMENTO GERAL;10500006
10504044;REACOES NUCLEARES E ESPALHAMENTO (REACOES ESPECIFICAS);10500006
10504052;PROPRIEDADES DE NUCLEOS ESPECIFICOS;10500006
10504060;MET.EXPER.E INSTRUMENT.PARA PART.ELEMENT.E FISICA NUCLEAR;10500006
10505008;FISICA ATOMICA E MOLECULAR;10500006
10505016;ESTRUTURA ELETRONICA DE ATOMOS E MOLECULAS TEORIA;10500006
10505024;ESPECTROS ATOMICOS E INTEGRACAO DE FOTONS;10500006
10505032;ESPECTROS MOLECUL. E INTERACOES DE FOTONS COM MOLECULAS;10500006
10505040;PROCESSOS DE COLISAO E INTERACOES DE ATOMOS E MOLECULAS;10500006
10505059;INF.SOB.ATOM.E MOL.OBIT.EXPERIMENTALMENTE INST.E TECNICAS;10500006
10505067;ESTUDOS DE ATOMOS E MOLECULAS ESPECIAIS;10500006
10506004;FISICA DOS FLUIDOS FISICA DE PLASMAS E DESCARGAS ELETRICAS;10500006
10506012;CINETICA E TEOR.DE TRANSP.DE FLUIDOS PROPRIED.FIS.DE GASES;10500006
10506020;FISICA DE PLASMAS E DESCARGAS ELETRICAS;10500006
10507000;FISICA DA MATERIA CONDENSADA;10500006
10507019;ESTRUTURA DE LIQUIDOS E SOLIDOS CRISTALOGRAFIA;10500006
10507027;PROPRIEDADES MECANICAS E ACUSTICAS DA MATERIA CONDENSADA;10500006
10507035;DINAMICA DA REDE E ESTATISTICA DE CRISTAIS;10500006
10507043;EQUACAO DE ESTADO EQUILIB. DE FASES E TRANSICOES DE FASES;10500006
10507051;PROPRIEDADES TERMICAS DA MATERIA CONDENSADA;10500006
10507060;PROPRIEDADES DE TRANSP.DE MATERIA COND. (NAO ELETRONICAS);10500006
10507078;CAMPOS QUANTICOS E SOLIDOS HELIO LIQUIDO SOLIDO;10500006
10507086;SUPERFICIES E INTERFACES PELICULAS E FILAMENTOS;10500006
10507094;ESTADOS ELETRONICOS;10500006
10507108;TRANSP.ELETR.E PROPR.ELET.DE SUPERFICIES INTERF.E PELICULAS;10500006
10507116;ESTRUT.ELETR.E PROPR.ELET.DE SUPERFICIES INTERF.E PELICULAS;10500006
10507124;SUPERCONDUTIVIDADE;10500006
10507132;MATERIAIS MAGNETICOS E PROPRIEDADES MAGNETICAS;10500006
10507140;RESS.MAGN. REL.MAT.COND. EFEIT.MOSBAUER CORR.ANG.PERTUBADA;10500006
10507159;MATERIAIS DIELETRICOS E PROPRIEDADES DIELETRICAS;10500006
10507167;PROP.OTIC.E ESPEC.MATR.COND. OUTRAS INTER.MAT.COM RAD.PART.;10500006
10507175;EMISSAO ELETRON.E IONICA POR LIQ.E SOLIDOS FENOM.DE IMPACTO;10500006
10600000;QUIMICA;10000003
10601007;QUIMICA ORGANICA;10600000
10601015;ESTRUTURA CONFORMACAO E ESTEREOQUIMICA;10600000
10601023;SINTESE ORGANICA;10600000
10601031;FISICO-QUIMICA ORGANICA;10600000
10601040;FOTOQUIMICA ORGANICA;10600000
10601058;QUIMICA DOS PRODUTOS NATURAIS;10600000
10601066;EVOLUCAO SISTEMATICA E ECOLOGIA QUIMICA;10600000
10601074;POLIMEROS E COLOIDES;10600000
10602003;QUIMICA INORGANICA;10600000
10602011;CAMPOS DE COORDENACAO;10600000
10602020;NAO-METAIS E SEUS COMPOSTOS;10600000
10602038;COMPOSTOS ORGANO-METALICOS;10600000
10602046;DETERMINACAO DE ESTRUTURAS DE COMPOSTOS INORGANICOS;10600000
10602054;FOTO-QUIMICA INORGANICA;10600000
10602062;FISICO QUIMICA INORGANICA;10600000
10602070;QUIMICA BIO-INORGANICA;10600000
10603000;FISICO-QUIMICA;10600000
10603018;CINETICA QUIMICA E CATALISE;10600000
10603026;ELETROQUIMICA;10600000
10603034;ESPECTROSCOPIA;10600000
10603042;QUIMICA DE INTERFACES;10600000
10603050;QUIMICA DO ESTADO CONDENSADO;10600000
10603069;QUIMICA NUCLEAR E RADIOQUIMICA;10600000
10603077;QUIMICA TEORICA;10600000
10603085;TERMODINAMICA QUIMICA;10600000
10604006;QUIMICA ANALITICA;10600000
10604014;SEPARACAO;10600000
10604022;METODOS OTICOS DE ANALISE;10600000
10604030;ELETROANALITICA;10600000
10604049;GRAVIMETRIA;10600000
10604057;TITIMETRIA;10600000
10604065;INSTRUMENTACAO ANALITICA;10600000
10604073;ANALISE DE TRACOS E QUIMICA AMBIENTAL;10600000
10700005;GEOCIENCIAS;10000003
10701001;GEOLOGIA;10700005
10701010;MINERALOGIA;10700005
10701028;PETROLOGIA;10700005
10701036;GEOQUIMICA;10700005
10701044;GEOLOGIA REGIONAL;10700005
10701052;GEOTECTONICA;10700005
10701060;GEOCRONOLOGIA;10700005
10701079;CARTOGRAFIA GEOLOGICA;10700005
10701087;METALOGENIA;10700005
10701095;HIDROGEOLOGIA;10700005
10701109;PROSPECCAO MINERAL;10700005
10701117;SEDIMENTOLOGIA;10700005
10701125;PALEONTOLOGIA ESTRATIGRAFICA;10700005
10701133;ESTRATIGRAFIA;10700005
10701141;GEOLOGIA AMBIENTAL;10700005
10702008;GEOFISICA;10700005
10702016;GEOMAGNETISMO;10700005
10702024;SISMOLOGIA;10700005
10702032;GEOTERMIA E FLUXO TERMICO;10700005
10702040;PROPRIEDADES FISICAS DAS ROCHAS;10700005
10702059;GEOFISICA NUCLEAR;10700005
10702067;SENSORIAMENTO REMOTO;10700005
10702075;AERONOMIA;10700005
10702083;DESENVOLVIMENTO DE INSTRUMENTACAO GEOFISICA;10700005
10702091;GEOFISICA APLICADA;10700005
10702105;GRAVIMETRIA;10700005
10703004;METEOROLOGIA;10700005
10703012;METEOROLOGIA DINAMICA;10700005
10703020;METEOROLOGIA SINOTICA;10700005
10703039;METEOROLOGIA FISICA;10700005
10703047;QUIMICA DA ATMOSFERA;10700005
10703055;INSTRUMENTACAO METEOROLOGICA;10700005
10703063;CLIMATOLOGIA;10700005
10703071;MICROMETEOROLOGIA;10700005
10703080;SENSORIAMENTO REMOTO DA ATMOSFERA;10700005
10703098;METEOROLOGIA APLICADA;10700005
10704000;GEODESIA;10700005
10704019;GEODESIA FISICA;10700005
10704027;GEODESIA GEOMETRICA;10700005
10704035;GEODESIA CELESTE;10700005
10704043;FOTOGRAMETRIA;10700005
10704051;CARTOGRAFIA BASICA;10700005
10705007;GEOGRAFIA FISICA;10700005
10705015;GEOMORFOLOGIA;10700005
10705023;CLIMATOLOGIA GEOGRAFICA;10700005
10705031;PEDOLOGIA;10700005
10705040;HIDROGEOGRAFIA;10700005
10705058;GEOECOLOGIA;10700005
10705066;FOTOGEOGRAFIA (FISICO-ECOLOGICA);10700005
10705074;GEOCARTOGRAFIA;10700005
10802002;OCEANOGRAFIA FISICA;10700005
10802010;VARIAVEIS FISICAS DA AGUA DO MAR;10700005
10802029;MOVIMENTO DA AGUA DO MAR;10700005
10802037;ORIGEM DAS MASSAS DE AGUA;10700005
10802045;INTERACAO DO OCEANO COM O LEITO DO MAR;10700005
10802053;INTERACAO DO OCEANO COM A ATMOSFERA;10700005
10803009;OCEANOGRAFIA QUIMICA;10700005
10803017;PROPRIEDADES QUIMICAS DA AGUA DO MAR;10700005
10803025;INTER.QUIM.-BIOL./GEOL.DAS SUBST. QUIM.DA AGUA DO MAR;10700005
10804005;OCEANOGRAFIA GEOLOGICA;10700005
10804013;GEOMORFOLOGIA SUBMARINA;10700005
10804021;SEDIMENTOLOGIA MARINHA;10700005
10804030;GEOFISICA MARINHA;10700005
10804048;GEOQUIMICA MARINHA;10700005
20000006;CIENCIAS BIOLOGICAS;10000003
20100000;BIOLOGIA GERAL;20000006
20200005;GENETICA;20000006
20201001;GENETICA QUANTITATIVA;20200005
20202008;GENETICA MOLECULAR E DE MICROORGANISMOS;20200005
20203004;GENETICA VEGETAL;20200005
20204000;GENETICA ANIMAL;20200005
20205007;GENETICA HUMANA E MEDICA;20200005
20206003;MUTAGENESE;20200005
20600003;MORFOLOGIA;20000006
20601000;CITOLOGIA E BIOLOGIA CELULAR;20600003
20602006;EMBRIOLOGIA;20600003
20603002;HISTOLOGIA;20600003
20604009;ANATOMIA;20600003
20604017;ANATOMIA HUMANA;20600003
20604025;ANATOMIA ANIMAL;20600003
20700008;FISIOLOGIA;20000006
20701004;FISIOLOGIA GERAL;20700008
20702000;FISIOLOGIA DOS ORGAOS E SISTEMAS;20700008
20702019;NEUROFISIOLOGIA;20700008
20702027;FISIOLOGIA CARDIOVASCULAR;20700008
20702035;FISIOLOGIA DA RESPIRACAO;20700008
20702043;FISIOLOGIA RENAL;20700008
20702051;FISIOLOGIA ENDOCRINA;20700008
20702060;FISIOLOGIA DA DIGESTAO;20700008
20702078;CINESIOLOGIA;20700008
20703007;FISIOLOGIA DO ESFORCO;20700008
20704003;FISIOLOGIA COMPARADA;20700008
20800002;BIOQUIMICA;20000006
20801009;QUIMICA DE MACROMOLECULAS;20800002
20801017;PROTEINAS;20800002
20801025;LIPIDEOS;20800002
20801033;GLICIDEOS;20800002
20802005;BIOQUIMICA DOS MICROORGANISMOS;20800002
20803001;METABOLISMO E BIOENERGETICA;20800002
20804008;BIOLOGIA MOLECULAR;20800002
20805004;ENZIMOLOGIA;20800002
20900007;BIOFISICA;20000006
20901003;BIOFISICA MOLECULAR;20900007
20902000;BIOFISICA CELULAR;20900007
20903006;BIOFISICA DE PROCESSOS E SISTEMAS;20900007
20904002;RADIOLOGIA E FOTOBIOLOGIA;20900007
21000000;FARMACOLOGIA;20000006
21001006;FARMACOLOGIA GERAL;21000000
21001014;FARMACOCINETICA;21000000
21001022;BIODISPONIBILIDADE;21000000
21002002;FARMACOLOGIA AUTONOMICA;21000000
21003009;NEUROPSICOFARMACOLOGIA;21000000
21004005;FARMACOLOGIA CARDIORENAL;21000000
21005001;FARMACOLOGIA BIOQUIMICA E MOLECULAR;21000000
21006008;ETNOFARMACOLOGIA;21000000
21007004;TOXICOLOGIA;21000000
21008000;FARMACOLOGIA CLINICA;21000000
21100004;IMUNOLOGIA;20000006
21101000;IMUNOQUIMICA;21100004
21102007;IMUNOLOGIA CELULAR;21100004
21103003;IMUNOGENETICA;21100004
21104000;IMUNOLOGIA APLICADA;21100004
21200009;MICROBIOLOGIA;20000006
21201005;BIOLOGIA E FISIOLOGIA DOS MICROORGANISMOS;21200009
21201013;VIROLOGIA;21200009
21201021;BACTERIOLOGIA;21200009
21201030;MICOLOGIA;21200009
21202001;MICROBIOLOGIA APLICADA;21200009
21202010;MICROBIOLOGIA MEDICA;21200009
21202028;MICROBIOLOGIA INDUSTRIAL E DE FERMENTACAO;21200009
21300003;PARASITOLOGIA;20000006
21301000;PROTOZOOLOGIA DE PARASITOS;21300003
21301018;PROTOZOOLOGIA PARASITARIA HUMANA;21300003
21301026;PROTOZOOLOGIA PARASITARIA ANIMAL;21300003
21302006;HELMINTOLOGIA DE PARASITOS;21300003
21302014;HELMINTOLOGIA HUMANA;21300003
21302022;HELMINTOLOGIA ANIMAL;21300003
21303002;ENTOMOLOGIA E MALACOLOGIA DE PARASITOS E VETORES;21300003
20500009;ECOLOGIA;20000006
20501005;ECOLOGIA TEORICA;20500009
20502001;ECOLOGIA DE ECOSSISTEMAS;20500009
20503008;ECOLOGIA APLICADA;20500009
10800000;OCEANOGRAFIA;20000006
10801006;OCEANOGRAFIA BIOLOGICA;10800000
10801014;INTER.ENTRE OS ORGAN.MARINHOS E OS PARAMETROS AMBIENTAIS;10800000
20300000;BOTANICA;20000006
20301006;PALEOBOTANICA;20300000
20302002;MORFOLOGIA VEGETAL;20300000
20302010;MORFOLOGIA EXTERNA;20300000
20302029;CITOLOGIA VEGETAL;20300000
20302037;ANATOMIA VEGETAL;20300000
20302045;PALINOLOGIA;20300000
20303009;FISIOLOGIA VEGETAL;20300000
20303017;NUTRICAO E CRESCIMENTO VEGETAL;20300000
20303025;REPRODUCAO VEGETAL;20300000
20303033;ECOFISIOLOGIA VEGETAL;20300000
20304005;TAXONOMIA VEGETAL;20300000
20304013;TAXONOMIA DE CRIPTOGAMOS;20300000
20304021;TAXONOMIA DE FANEROGAMOS;20300000
20305001;FITOGEOGRAFIA;20300000
20306008;BOTANICA APLICADA;20300000
20400004;ZOOLOGIA;20000006
20401000;PALEOZOOLOGIA;20400004
20402007;MORFOLOGIA DOS GRUPOS RECENTES;20400004
20403003;FISIOLOGIA DOS GRUPOS RECENTES;20400004
20404000;COMPORTAMENTO ANIMAL;20400004
20405006;TAXONOMIA DOS GRUPOS RECENTES;20400004
20406002;ZOOLOGIA APLICADA;20400004
20406010;CONSERVACAO DAS ESPECIES ANIMAIS;20400004
20406029;UTILIZACAO DOS ANIMAIS;20400004
20406037;CONTROLE POPULACIONAL DE ANIMAIS;20400004
30000009;ENGENHARIAS;10000003
30100003;ENGENHARIA CIVIL;30000009
30101000;CONSTRUCAO CIVIL;30100003
30101018;MATERIAIS E COMPONENTES DE CONSTRUCAO;30100003
30101026;PROCESSOS CONSTRUTIVOS;30100003
30101034;INSTALACOES PREDIAIS;30100003
30102006;ESTRUTURAS;30100003
30102014;ESTRUTURAS DE CONCRETO;30100003
30102022;ESTRUTURAS DE MADEIRAS;30100003
30102030;ESTRUTURAS METALICAS;30100003
30102049;MECANICA DAS ESTRUTURAS;30100003
30103002;GEOTECNICA;30100003
30103010;FUNDACOES E ESCAVACOES;30100003
30103029;MECANICAS DAS ROCHAS;30100003
30103037;MECANICA DOS SOLOS;30100003
30103045;OBRAS DE TERRA E ENROCAMENTO;30100003
30103053;PAVIMENTOS;30100003
30104009;ENGENHARIA HIDRAULICA;30100003
30104017;HIDRAULICA;30100003
30104025;HIDROLOGIA;30100003
30105005;INFRA-ESTRUTURA DE TRANSPORTES;30100003
30105013;AEROPORTOS PROJETO E CONSTRUCAO;30100003
30105021;FERROVIAS PROJETOS E CONSTRUCAO;30100003
30105030;PORTOS E VIAS NAVEGAVEIS PROJETO E CONSTRUCAO;30100003
30105048;RODOVIAS PROJETO E CONSTRUCAO;30100003
30700000;ENGENHARIA SANITARIA;30000009
30701007;RECURSOS HIDRICOS;30700000
30701015;PLANEJAMENTO INTEGRADO DOS RECURSOS HIDRICOS;30700000
30701023;TECNOLOGIA E PROBLEMAS SANITARIOS DE IRRIGACAO;30700000
30701031;AGUAS SUBTERRANEAS E POCOS PROFUNDOS;30700000
30701040;CONTROLE DE ENCHENTES E DE BARRAGENS;30700000
30701058;SEDIMENTOLOGIA;30700000
30702003;TRATAMENTO DE AGUAS DE ABASTECIMENTO E RESIDUARIAS;30700000
30702011;QUIMICA SANITARIA;30700000
30702020;PROCESSOS SIMPLIFICADOS DE TRATAMENTO DE AGUAS;30700000
30702038;TECNICAS CONVENCIONAIS DE TRATAMENTO DE AGUAS;30700000
30702046;TECNICAS AVANCADAS DE TRATAMENTO DE AGUAS;30700000
30702054;ESTUDOS E CARACTERIZACAO DE EFLUENTES INDUSTRIAIS;30700000
30702062;LAY OUT DE PROCESSOS INDUSTRIAIS;30700000
30702070;RESIDUOS RADIOATIVOS;30700000
30702078;TECNICAS CONVENCIONAIS DE TRATAMENTO DE AGUAS;30700000
30703000;SANEAMENTO BASICO;30700000
30703018;TECNICAS DE ABASTECIMENTO DA AGUA;30700000
30703026;DRENAGEM DE AGUAS RESIDUARIAS;30700000
30703034;DRENAGEM URBANA DE AGUAS PLUVIAIS;30700000
30703042;RESIDUOS SOLIDOS DOMESTICOS E INDUSTRIAIS;30700000
30703050;LIMPEZA PUBLICA;30700000
30703069;INSTALACOES HIDRAULICO-SANITARIAS;30700000
30704006;SANEAMENTO AMBIENTAL;30700000
30704014;ECOLOGIA APLICADA A ENGENHARIA SANITARIA;30700000
30704022;MICROBIOLOGIA APLICADA E ENGENHARIA SANITARIA;30700000
30704030;PARASITOLOGIA APLICADA A ENGENHARIA SANITARIA;30700000
30704049;QUALIDADE DO AR DAS AGUAS E DO SOLO;30700000
30704057;CONTROLE DA POLUICAO;30700000
30704065;LEGISLACAO AMBIENTAL;30700000
31000002;ENGENHARIA DE TRANSPORTES;30000009
31001009;PLANEJAMENTO DE TRANSPORTES;31000002
31001017;PLANEJAMENTO E ORGANIZACAO DO SISTEMA DE TRANSPORTE;31000002
31001025;ECONOMIA DOS TRANSPORTES;31000002
31002005;VEICULOS E EQUIPAMENTOS DE CONTROLE;31000002
31002013;VIAS DE TRANSPORTE;31000002
31002021;VEICULOS DE TRANSPORTES;31000002
31002030;ESTACAO DE TRANSPORTE;31000002
31002048;EQUIPAMENTOS AUXILIARES E CONTROLES;31000002
31003001;OPERACOES DE TRANSPORTES;31000002
31003010;ENGENHARIA DE TRAFEGO;31000002
31003028;CAPACIDADE DE VIAS DE TRANSPORTE;31000002
31003036;OPERACAO DE SISTEMAS DE TRANSPORTE;31000002
30200008;ENGENHARIA DE MINAS;30000009
30201004;PESQUISA MINERAL;30200008
30201012;CARACTERIZACAO DO MINERIO;30200008
30201020;DIMENSIONAMENTO DE JAZIDAS;30200008
30202000;LAVRA;30200008
30202019;LAVRA A CEU ABERTO;30200008
30202027;LAVRA DE MINA SUBTERRANEA;30200008
30202035;EQUIPAMENTOS DE LAVRA;30200008
30203007;TRATAMENTO DE MINERIOS;30200008
30203015;METODOS DE CONCENTRACAO E ENRIQUECIMENTOS DE MINERIOS;30200008
30203023;EQUIPAMENTOS DE BENEFICIAMENTO DE MINERIOS;30200008
30300002;ENGENHARIA DE MATERIAIS E METALURGICA;30000009
30301009;INSTALACOES E EQUIPAMENTOS METALURGICOS;30300002
30301017;INSTALACOES METALURGICAS;30300002
30301025;EQUIPAMENTOS METALURGICOS;30300002
30302005;METALURGIA EXTRATIVA;30300002
30302013;AGLOMERACAO;30300002
30302021;ELETROMETALURGIA;30300002
30302030;HIDROMETALURGIA;30300002
30302048;PIROMETALURGIA;30300002
30302056;TRATAMENTO DE MINERIOS;30300002
30303001;METALURGIA DE TRANSFORMACAO;30300002
30303010;CONFORMACAO MECANICA;30300002
30303028;FUNDICAO;30300002
30303036;METALURGIA DE PO;30300002
30303044;RECOBRIMENTOS;30300002
30303052;SOLDAGEM;30300002
30303060;TRATAMENTO TERMICO MECANICOS E QUIMICOS;30300002
30303079;USINAGEM;30300002
30304008;METALURGIA FISICA;30300002
30304016;ESTRUTURA DOS METAIS E LIGAS;30300002
30304024;PROPRIEDADES FISICAS DOS METAIS E LIGAS;30300002
30304032;PROPRIEDADES MECANICAS DOS METAIS E LIGAS;30300002
30304040;TRANSFORMACAO DE FASES;30300002
30304059;CORROSAO;30300002
30305004;MATERIAIS NAO-METALICOS;30300002
30305012;EXTRACAO E TRANSFORMACAO DE MATERIAIS;30300002
30305020;CERAMICOS;30300002
30305039;MATERIAIS CONJUGADOS NAO-METALICOS;30300002
30305047;POLIMEROS  APLICACOES;30300002
30600006;ENGENHARIA QUIMICA;30000009
30601002;PROCESSOS INDUSTRIAIS DE ENGENHARIA QUIMICA;30600006
30601010;PROCESSOS BIOQUIMICOS;30600006
30601029;PROCESSOS ORGANICOS;30600006
30601037;PROCESSOS INORGANICOS;30600006
30602009;OPERACOES INDUSTRIAIS E EQUIPAMENTOS PARA ENG. QUIMICA;30600006
30602017;REATORES QUIMICOS;30600006
30602025;OPERACOES CARACTERISTICAS DE PROCESSOS BIOQUIMICOS;30600006
30602033;OPERACOES DE SEPARACAO E MISTURA;30600006
30603005;TECNOLOGIA QUIMICA;30600006
30603013;BALANCOS GLOBAIS DE MATERIA E ENERGIA;30600006
30603021;AGUA;30600006
30603030;ALCOOL;30600006
30603048;ALIMENTOS;30600006
30603056;BORRACHAS;30600006
30603064;CARVAO;30600006
30603072;CERAMICA;30600006
30603080;CIMENTO;30600006
30603099;COURO;30600006
30603102;DETERGENTES;30600006
30603110;FERTILIZANTES;30600006
30603129;MEDICAMENTOS;30600006
30603137;METAIS NAO-FERROSOS;30600006
30603145;OLEOS;30600006
30603153;PAPEL E CELULOSE;30600006
30603161;PETROLEO E PETROQUIMICA;30600006
30603170;POLIMEROS;30600006
30603188;PRODUTOS NATURAIS;30600006
30603196;TEXTEIS;30600006
30603200;TRATAMENTOS E APROVEITAMENTOS DE REJEITOS;30600006
30603218;XISTO;30600006
30900000;ENGENHARIA NUCLEAR;30000009
30901006;APLICACOES DE RADIOISOTOPOS;30900000
30901014;PRODUCAO DE RADIOISOPOTOS;30900000
30901022;APLICACOES INDUSTRIAIS DE RADIOISOPOTOS;30900000
30901030;INSTRUMENTACAO PARA MEDIDA E CONTROLE DE RADIACAO;30900000
30902002;FUSAO CONTROLADA;30900000
30902010;PROCESSOS INDUSTRIAIS DA FUSAO CONTROLADA;30900000
30902029;PROBLEMAS TECNOLOGICOS DA FUSAO CONTROLADA;30900000
30903009;COMBUSTIVEL NUCLEAR;30900000
30903017;EXTRACAO DE COMBUSTIVEL NUCLEAR;30900000
30903025;CONVERSAO ENRIQUECIMENTO E FABRICACAO DE COMBUST. NUCLEAR;30900000
30903033;REPROCESSAMENTO DO COMBUSTIVEL NUCLEAR;30900000
30903041;REJEITOS DE COMBUSTIVEL NUCLEAR;30900000
30904005;TECNOLOGIA DOS REATORES;30900000
30904013;NUCLEO DO REATOR;30900000
30904021;MATERIAIS NUCLEARES E BLINDAGEM DE REATORES;30900000
30904030;TRANSFERENCIA DE CALOR EM REATORES;30900000
30904048;GERACAO E INTEGRACAO COM SISTEMAS ELETRICOS EM REATORES;30900000
30904056;INSTRUMENTACAO PARA OPERACAO E CONTROLE DE REATORES;30900000
30904064;SEGURANCA LOCALIZACAO E LICENCIAMENTO DE REATORES;30900000
30904072;ASPECTOS ECONOMICOS DE REATORES;30900000
30500001;ENGENHARIA MECANICA;30000009
30501008;FENOMENOS DE TRANSPORTES;30500001
30501016;TRANSFERENCIA DE CALOR;30500001
30501024;MECANICA DOS FLUIDOS;30500001
30501032;DINAMICA DOS GASES;30500001
30501040;PRINCIPIOS VARIACIONAIS E METODOS NUMERICOS;30500001
30502004;ENGENHARIA TERMICA;30500001
30502012;TERMODINAMICA;30500001
30502020;CONTROLE AMBIENTAL;30500001
30502039;APROVEITAMENTO DA ENERGIA;30500001
30503000;MECANICA DOS SOLIDOS;30500001
30503019;MECANICA DOS CORPOS SOLIDOS ELASTICOS E PLASTICOS;30500001
30503027;DINAMICA DOS CORPOS RIGIDOS ELASTICOS E PLASTICOS;30500001
30503035;ANALISE DE TENSOES;30500001
30503043;TERMOELASTICIDADE;30500001
30504007;PROJETOS DE MAQUINAS;30500001
30504015;TEORIA DOS MECANISMOS;30500001
30504023;ESTATICA E DINAMICA APLICADA;30500001
30504031;ELEMENTOS DE MAQUINAS;30500001
30504040;FUNDAMENTOS GERAIS DE PROJETOS DAS MAQUINAS;30500001
30504058;MAQUINAS MOTORES E EQUIPAMENTOS;30500001
30504066;METODOS DE SINTESE E OTIMIZACAO APLICADOS AO PROJ.  MECANICO;30500001
30504074;CONTROLE DE SISTEMAS MECANICOS;30500001
30504082;APROVEITAMENTO DE ENERGIA;30500001
30505003;PROCESSOS DE FABRICACAO;30500001
30505011;MATRIZES E FERRAMENTAS;30500001
30505020;MAQUINAS DE USINAGEM E CONFORMACAO;30500001
30505038;CONTROLE NUMERICO;30500001
30505046;ROBOTIZACAO;30500001
30505054;PROCESSOS DE FABRICACAO SELECAO ECONOMICA;30500001
30800005;ENGENHARIA DE PRODUCAO;30000009
30801001;GERENCIA DE PRODUCAO;30800005
30801010;PLANEJAMENTO DE INSTALACOES INDUSTRIAIS;30800005
30801028;PLANEJAMENTO PROJETO E CONTROLE DE SIST. DE PRODUCAO;30800005
30801036;HIGIENE E SEGURANCA DO TRABALHO;30800005
30801044;SUPRIMENTOS;30800005
30801052;GARANTIA DE CONTROLE DE QUALIDADE;30800005
30802008;PESQUISA OPERACIONAL;30800005
30802016;PROCESSOS ESTOCASTICOS E TEORIAS DAS FILAS;30800005
30802024;PROGRAMACAO LINEAR NAO-LINEAR MISTA E DINAMICA;30800005
30802032;SERIES TEMPORAIS;30800005
30802040;TEORIA DOS GRAFOS;30800005
30802059;TEORIA DOS JOGOS;30800005
30803004;ENGENHARIA DO PRODUTO;30800005
30803012;ERGONOMIA;30800005
30803020;METODOLOGIA DE PROJETO DO PRODUTO;30800005
30803039;PROCESSOS DE TRABALHO;30800005
30803047;GERENCIA DO PROJETO E DO PRODUTO;30800005
30803055;DESENVOLVIMENTO DE PRODUTO;30800005
30804000;ENGENHARIA ECONOMICA;30800005
30804019;ESTUDO DE MERCADO;30800005
30804027;LOCALIZACAO INDUSTRIAL;30800005
30804035;ANALISE DE CUSTOS;30800005
30804043;ECONOMIA DE TECNOLOGIA;30800005
30804051;VIDA ECONOMICA DOS EQUIPAMENTOS;30800005
30804060;AVALIACAO DE PROJETOS;30800005
31100007;ENGENHARIA NAVAL E OCEANICA;30000009
31101003;HIDRODINAMICA DE NAVIOS E SISTEMAS OCEANICOS;31100007
31101011;RESISTENCIA HIDRODINAMICA;31100007
31101020;PROPULSAO DE NAVIOS;31100007
31102000;ESTRUTURAS NAVAIS E OCEANICAS;31100007
31102018;ANALISE TEORICA E EXPERIMENTAL DE ESTRUTURA;31100007
31102026;DINAMICA ESTRUTURAL NAVAL E OCEANICA;31100007
31102034;SINTESE ESTRUTURAL NAVAL E OCEANICA;31100007
31103006;MAQUINAS MARITIMAS;31100007
31103014;ANALISE DE SISTEMAS PROPULSORES;31100007
31103022;CONTROLE E AUTOMACAO DE SISTEMAS PROPULSORES;31100007
31103030;EQUIPAMENTOS AUXILIARES DO SISTEMA PROPULSIVO;31100007
31103049;MOTOR DE PROPULSAO;31100007
31104002;PROJETOS DE NAVIOS E DE SISTEMAS OCEANICOS;31100007
31104010;PROJETOS DE NAVIOS;31100007
31104029;PROJETOS DE SISTEMAS OCEANICOS FIXOS E SEMI-FIXOS;31100007
31104037;PROJETOS DE EMBARCACOES NAO-CONVENCIONAIS;31100007
31105009;TECNOLOGIA DE CONSTRUCAO NAVAL E DE SISTEMAS OCEANICOS;31100007
31105017;METODOS DE FABRICACAO DE NAVIOS E SISTEMAS OCEANICOS;31100007
31105025;SOLDAGEM DE ESTRUTURAS NAVAIS E OCEANICOS;31100007
31105033;CUSTOS DE CONSTRUCAO NAVAL;31100007
31105041;NORMATIZACAO E CERTIFICACAO DE QUALIDADE DE NAVIOS;31100007
31200001;ENGENHARIA AEROESPACIAL;30000009
31201008;AERODINAMICA;31200001
31201016;AERODINAMICA DE AERONAVES ESPACIAIS;31200001
31201024;AERODINAMICA DOS PROCESSOS GEOFISICOS E INTERPLANETARIOS;31200001
31202004;DINAMICA DE VOO;31200001
31202012;TRAJETORIAS E ORBITAS;31200001
31202020;ESTABILIDADE E CONTROLE;31200001
31203000;ESTRUTURAS AEROESPACIAIS;31200001
31203019;AEROELASTICIDADE;31200001
31203027;FADIGA;31200001
31203035;PROJETOS DE ESTRUTURAS AEROESPACIAIS;31200001
31204007;MATERIAIS E PROCESSOS P/ENGENHARIA AERON. E AEROESPACIAL;31200001
31205003;PROPULSAO AEROESPACIAL;31200001
31205011;COMBUSTAO E ESCOAMENTO COM REACOES QUIMICAS;31200001
31205020;PROPULSAO DE FOGUTES;31200001
31205038;MAQUINAS DE FLUXO;31200001
31205046;MOTORES ALTERNATIVOS;31200001
31206000;SISTEMAS AEROESPACIAIS;31200001
31206018;AVIOES;31200001
31206026;FOGUETES;31200001
31206034;HELICOPTEROS;31200001
31206042;HOVERCRAFT;31200001
31206050;SATELITES E OUTROS DISPOSITIVOS AEROESPACIAIS;31200001
31206069;NORMATIZACAO E CERT. DE QUAL. DE AERONAVES E COMPONENTES;31200001
31206077;MANUTENCAO DE SISTEMAS AEROESPACIAIS;31200001
30400007;ENGENHARIA ELETRICA;30000009
30401003;MATERIAIS ELETRICOS;30400007
30401011;MATERIAIS CONDUTORES;30400007
30401020;MATERIAIS E COMPONENTES SEMICONDUTORES;30400007
30401038;MATERIAIS E DISPOSITIVOS SUPERCONDUTORES;30400007
30401046;MATERIAIS DIELETRICOS PIESOELETRICOS E FERROELETRICOS;30400007
30401054;MAT. E COMP. ELETROOTICOS E MAGNET. MAT. FOTOELETRICOS;30400007
30401062;MATERIAIS E DISPOSITIVOS MAGNETICOS;30400007
30402000;MEDIDAS ELETRICAS MAGNETICAS E ELETRONICAS INSTRUMENTACAO;30400007
30402018;MEDIDAS ELETRICAS;30400007
30402026;MEDIDAS MAGNETICAS;30400007
30402034;INSTRUMENTACAO ELETROMECANICA;30400007
30402042;INSTRUMENTACAO ELETRONICA;30400007
30402050;SISTEMAS ELETRONICOS DE MEDIDAS E DE CONTROLE;30400007
30403006;CIRCUITOS ELETRICOS MAGNETICOS E ELETRONICOS;30400007
30403014;TEORIA GERAL DOS CIRCUITOS ELETRICOS;30400007
30403022;CIRCUITOS LINEARES E NAO LINEARES;30400007
30403030;CIRCUITOS ELETRONICOS;30400007
30403049;CIRCUITOS MAGNETICOS MAGNETISMO ELETROMAGNETISMO;30400007
30404002;SISTEMAS ELETRICOS DE POTENCIA;30400007
30404010;GERACAO DE ENERGIA ELETRICA;30400007
30404029;TRANSMISSAO DA ENERGIA ELET. DISTRIB. DA ENERGIA ELETRICA;30400007
30404037;CONVERSAO E RETIFICACAO DA ENERGIA ELETRICA;30400007
30404045;MEDICAO CONTROLE CORRECAO E PROTECAO DE SIST. ELET. E POT.;30400007
30404053;MAQUINAS ELETRICAS E DISPOSITIVOS DE POTENCIA;30400007
30404061;INSTALACOES ELETRICAS PREDIAIS E INDUSTRIAIS;30400007
30405009;ELETRONICA INDUSTRIAL SISTEMAS E CONTROLES ELETRONICOS;30400007
30405017;ELETRONICA INDUSTRIAL;30400007
30405025;AUTOMACAO ELETRONICA DE PROCESSOS ELETRICOS E INDUSTRIAIS;30400007
30405033;CONTROLE DE PROCESSOS ELETRONICOS RETROALIMENTACAO;30400007
30406005;TELECOMUNICACOES;30400007
30406013;TEORIA ELETROMAG. MICROONDAS PROPAGACAO DE ONDAS ANTENAS;30400007
30406021;RADIONAVEGACAO E RADIOASTRONOMIA;30400007
30406030;SISTEMAS DE TELECOMUNICACOES;30400007
31300006;ENGENHARIA BIOMEDICA;30000009
31301002;BIOENGENHARIA;31300006
31301010;PROCESSAMENTO DE SINAIS BIOLOGICOS;31300006
31301029;MODELAGEM DE FENOMENOS BIOLOGICOS;31300006
31301037;MODELAGEM DE SISTEMAS BIOLOGICOS;31300006
31302009;ENGENHARIA MEDICA;31300006
31302017;BIOMATERIAIS E MATERIAIS BIOCOMPATIVEIS;31300006
31302025;TRANSDUTORES PARA APLICACOES BIOMEDICAS;31300006
31302033;INSTRUMENTACAO ODONTOLOGICA E MEDICO-HOSPITALAR;31300006
31302041;TECNOLOGIA DE PROTESES;31300006
40000001;CIENCIAS DA SAUDE;10000003
40100006;MEDICINA;40000001
40101002;CLINICA MEDICA;40100006
40101010;ANGIOLOGIA;40100006
40101029;DERMATOLOGIA;40100006
40101045;CANCEROLOGIA;40100006
40101061;ENDOCRINOLOGIA;40100006
40101100;CARDIOLOGIA;40100006
40101118;GASTROENTEROLOGIA;40100006
40101126;PNEUMOLOGIA;40100006
40101134;NEFROLOGIA;40100006
40101169;FISIATRIA;40100006
40107000;MEDICINA LEGAL E DEONTOLOGIA;40100006
40101037;ALERGOLOGIA E IMUNOLOGIA CLINICA;40100006
40101053;HEMATOLOGIA;40100006
40101070;NEUROLOGIA;40100006
40101088;PEDIATRIA;40100006
40101096;DOENCAS INFECCIOSAS E PARASITARIAS;40100006
40101142;REUMATOLOGIA;40100006
40103005;SAUDE MATERNO-INFANTIL;40100006
40104001;PSIQUIATRIA;40100006
40105008;ANATOMIA PATOLOGICA E PATOLOGIA CLINICA;40100006
40106004;RADIOLOGIA MEDICA;40100006
40101150;GINECOLOGIA E OBSTETRICIA;40100006
40101177;OFTALMOLOGIA;40100006
40101186;ORTOPEDIA;40100006
40102009;CIRURGIA;40100006
40102017;CIRURGIA PLASTICA E RESTAURADORA;40100006
40102025;CIRURGIA OTORRINOLARINGOLOGIA;40100006
40102033;CIRURGIA OFTALMOLOGICA;40100006
40102041;CIRURGIA CARDIOVASCULAR;40100006
40102050;CIRURGIA TORAXICA;40100006
40102068;CIRURGIA GASTROENTEROLOGICA;40100006
40102076;CIRURGIA PEDIATRICA;40100006
40102084;NEUROCIRURGIA;40100006
40102092;CIRURGIA UROLOGICA;40100006
40102106;CIRURGIA PROCTOLOGICA;40100006
40102114;CIRURGIA ORTOPEDICA;40100006
40102122;CIRURGIA TRAUMATOLOGICA;40100006
40102130;ANESTESIOLOGIA;40100006
40102149;CIRURGIA EXPERIMENTAL;40100006
40500004;NUTRICAO;40000001
40501000;BIOQUIMICA DA NUTRICAO;40500004
40502007;DIETETICA;40500004
40503003;ANALISE NUTRICIONAL DE POPULACAO;40500004
40504000;DESNUTRICAO E DESENVOLVIMENTO FISIOLOGICO;40500004
40200000;ODONTOLOGIA;40000001
40201007;CLINICA ODONTOLOGICA;40200000
40202003;CIRURGIA BUCO-MAXILO-FACIAL;40200000
40203000;ORTODONTIA;40200000
40204006;ODONTOPEDIATRIA;40200000
40205002;PERIODONTIA;40200000
40206009;ENDODONTIA;40200000
40207005;RADIOLOGIA ODONTOLOGICA;40200000
40208001;ODONTOLOGIA SOCIAL E PREVENTIVA;40200000
40209008;MATERIAIS ODONTOLOGICOS;40200000
40300005;FARMACIA;40000001
40301001;FARMACOTECNIA;40300005
40302008;FARMACOGNOSIA;40300005
40303004;ANALISE TOXICOLOGICA;40300005
40304000;ANALISE E CONTROLE DE MEDICAMENTOS;40300005
40305007;BROMATOLOGIA;40300005
40400000;ENFERMAGEM;40000001
40401006;ENFERMAGEM MEDICO-CIRURGICA;40400000
40402002;ENFERMAGEM OBSTETRICA;40400000
40403009;ENFERMAGEM PEDIATRICA;40400000
40404005;ENFERMAGEM PSIQUIATRICA;40400000
40405001;ENFERMAGEM DE DOENCAS CONTAGIOSAS;40400000
40406008;ENFERMAGEM DE SAUDE PUBLICA;40400000
40600009;SAUDE COLETIVA;40000001
40601005;EPIDEMIOLOGIA;40600009
40602001;SAUDE PUBLICA;40600009
40603008;MEDICINA PREVENTIVA;40600009
40900002;EDUCACAO FISICA;40000001
40700003;FONOAUDIOLOGIA;40000001
40800008;FISIOTERAPIA E TERAPIA OCUPACIONAL;40000001
50000004;CIENCIAS AGRARIAS;10000003
50100009;AGRONOMIA;50000004
50101005;CIENCIA DO SOLO;50100009
50101013;GENESE MORFOLOGIA E CLASSIFICACAO DOS SOLOS;50100009
50101021;FISICA DO SOLO;50100009
50101030;QUIMICA DO SOLO;50100009
50101048;MICROBIOLOGIA E BIOQUIMICA DO SOLO;50100009
50101056;FERTILIDADE DO SOLO E ADUBACAO;50100009
50101064;MANEJO E CONSERVACAO DO SOLO;50100009
50102001;FITOSSANIDADE;50100009
50102010;FITOPATOLOGIA;50100009
50102028;ENTOMOLOGIA AGRICOLA;50100009
50102036;PARASITOLOGIA AGRICOLA;50100009
50102044;MICROBIOLOGIA AGRICOLA;50100009
50102052;DEFESA FITOSSANITARIA;50100009
50103008;FITOTECNIA;50100009
50103016;MANEJO E TRATOS CULTURAIS;50100009
50103024;MECANIZACAO AGRICOLA;50100009
50103032;PRODUCAO E BENEFICIAMENTO DE SEMENTES;50100009
50103040;PRODUCAO DE MUDAS;50100009
50103059;MELHORAMENTO VEGETAL;50100009
50103067;FISIOLOGIA DE PLANTAS CULTIVADAS;50100009
50103075;MATOLOGIA;50100009
50104004;FLORICULTURA PARQUES E JARDINS;50100009
50104012;FLORICULTURA;50100009
50104020;PARQUES E JARDINS;50100009
50104039;ARBORIZACAO DE VIAS PUBLICAS;50100009
50105000;AGROMETEROLOGIA;50100009
50106007;EXTENSAO RURAL;50100009
50200003;RECURSOS FLORESTAIS E ENGENHARIA FLORESTAL;50000004
50201000;SILVICULTURA;50200003
50201018;DENDROLOGIA;50200003
50201026;FLORESTAMENTO E REFLORESTAMENTO;50200003
50201034;GENETICA E MELHORAMENTO FLORESTAL;50200003
50201042;SEMENTES FLORESTAIS;50200003
50201050;NUTRICAO FLORESTAL;50200003
50201069;FISIOLOGIA FLORESTAL;50200003
50201077;SOLOS FLORESTAIS;50200003
50201085;PROTECAO FLORESTAL;50200003
50202006;MANEJO FLORESTAL;50200003
50202014;ECONOMIA FLORESTAL;50200003
50202022;POLITICA E LEGISLACAO FLORESTAL;50200003
50202030;ADMINISTRACAO FLORESTAL;50200003
50202049;DENDROMETRIA E INVENTARIO FLORESTAL;50200003
50202057;FOTOINTERPRETACAO FLORESTAL;50200003
50202065;ORDENAMENTO FLORESTAL;50200003
50203002;TECNICAS E OPERACOES FLORESTAIS;50200003
50203010;EXPLORACAO FLORESTAL;50200003
50203029;MECANIZACAO FLORESTAL;50200003
50204009;TECNOLOGIA E UTILIZACAO DE PRODUTOS FLORESTAIS;50200003
50204017;ANATOMIA E IDENTIFICACAO DE PRODUTOS FLORESTAIS;50200003
50204025;PROPRIEDADES FISICO-MECANICAS DA MADEIRA;50200003
50204033;RELACOES AGUA-MADEIRA E SECAGEM;50200003
50204041;TRATAMENTO DA MADEIRA;50200003
50204050;PROCESSAMENTO MECANICO DA MADEIRA;50200003
50204068;QUIMICA DA MADEIRA;50200003
50204076;RESINAS DE MADEIRAS;50200003
50204084;TECNOLOGIA DE CELULOSE E PAPEL;50200003
50204092;TECNOLOGIA DE CHAPAS;50200003
50205005;CONSERVACAO DA NATUREZA;50200003
50205013;HIDROLOGIA FLORESTAL;50200003
50205021;CONSERVACAO DE AREAS SILVESTRES;50200003
50205030;CONSERVACAO DAS BACIAS HIDROGRAFICAS;50200003
50205048;RECUPERACAO DE AREAS DEGRADADAS;50200003
50206001;ENERGIA DE BIOMASSA FLORESTAL;50200003
50300008;ENGENHARIA AGRICOLA;50000004
50301004;MAQUINAS E IMPLEMENTOS AGRICOLAS;50300008
50302000;ENGENHARIA DE AGUA E SOLO;50300008
50302019;IRRIGACAO E DRENAGEM;50300008
50302027;CONSERVACAO DE SOLO E AGUA;50300008
50303007;ENGENHARIA DE PROCESSAMENTO DE PRODUTOS AGRICOLAS;50300008
50303015;PRE-PROCESSAMENTO DE PRODUTOS AGRICOLAS;50300008
50303023;ARMAZENAMENTO DE PRODUTOS AGRICOLAS;50300008
50303031;TRANSFERENCIA DE PRODUTOS AGRICOLAS;50300008
50304003;CONSTRUCOES RURAIS E AMBIENCIA;50300008
50304011;ASSENTAMENTO RURAL;50300008
50304020;ENGENHARIA DE CONSTRUCOES RURAIS;50300008
50304038;SANEAMENTO RURAL;50300008
50305000;ENERGIZACAO RURAL;50300008
50400002;ZOOTECNIA;50000004
50401009;ECOLOGIA DOS ANIMAIS DOMESTICOS E ETOLOGIA;50400002
50402005;GENETICA E MELHORAMENTO DOS ANIMAIS DOMESTICOS;50400002
50403001;NUTRICAO E ALIMENTACAO ANIMAL;50400002
50403010;EXIGENCIAS NUTRICIONAIS DOS ANIMAIS;50400002
50403028;AVALIACAO DE ALIMENTOS PARA ANIMAIS;50400002
50403036;CONSERVACAO DE ALIMENTOS PARA ANIMAIS;50400002
50404008;PASTAGEM E FORRAGICULTURA;50400002
50404016;AVALIACAO PRODUCAO E CONSERVACAO DE FORRAGENS;50400002
50404024;MANEJO E CONSERVACAO DE PASTAGENS;50400002
50404032;FISIOLOGIA DE PLANTAS FORRAGEIRAS;50400002
50404040;MELHORAMENTO DE PLANTAS FORRAGEIRAS E PRODUCAO DE SEMENTES;50400002
50404059;TOXICOLOGIA E PLANTAS TOXICAS;50400002
50405004;PRODUCAO ANIMAL;50400002
50405012;CRIACAO DE ANIMAIS;50400002
50405020;MANEJO DE ANIMAIS;50400002
50405039;INSTALACOES PARA PRODUCAO ANIMAL;50400002
50600001;RECURSOS PESQUEIROS E ENGENHARIA DE PESCA;50000004
50601008;RECURSOS PESQUEIROS MARINHOS;50600001
50601016;FATORES ABIOTICOS DO MAR;50600001
50601024;AVALIACAO DE ESTOQUE PESQUEIROS MARINHOS;50600001
50601032;EXPLORACAO PESQUEIRA MARINHA;50600001
50601040;MANEJO E CONSERVACAO DE RECURSOS PESQUEIROS MARINHOS;50600001
50602004;RECURSOS PESQUEIROS DE AGUAS INTERIORES;50600001
50602012;FATORES ABIOTICOS DE AGUAS INTERIORES;50600001
50602020;AVALIACAO DE ESTOQUES PESQUEIROS DE AGUAS INTERIORES;50600001
50602039;EXPLORACAO PESQUEIRA DE AGUAS INTERIORES;50600001
50602047;MANEJO E CONSERV. DE RECURSOS PESQUEIROS DE AGUAS INFERIORES;50600001
50603000;AQUICULTURA;50600001
50603019;MARICULTURA;50600001
50603027;CARCINOCULTURA;50600001
50603035;OSTREICULTURA;50600001
50603043;PISCICULTURA;50600001
50604007;ENGENHARIA DE PESCA;50600001
50500007;MEDICINA VETERINARIA;50000004
50501003;CLINICA E CIRURGIA ANIMAL;50500007
50501011;ANESTESIOLOGIA ANIMAL;50500007
50501020;TECNICA CIRURGICA ANIMAL;50500007
50501038;RADIOLOGIA DE ANIMAIS;50500007
50501046;FARMACOLOGIA E TERAPEUTICA ANIMAL;50500007
50501054;OBSTETRICIA ANIMAL;50500007
50501062;CLINICA VETERINARIA;50500007
50501070;CLINICA CIRURGICA ANIMAL;50500007
50501089;TOXICOLOGIA ANIMAL;50500007
50502000;MEDICINA VETERINARIA PREVENTIVA;50500007
50502018;EPIDEMIOLOGIA ANIMAL;50500007
50502026;SANEAMENTO APLICADO A SAUDE DO HOMEM;50500007
50502034;DOENCAS INFECCIOSAS DE ANIMAIS;50500007
50502042;DOENCAS PARASITARIAS DE ANIMAIS;50500007
50502050;SAUDE ANIMAL (PROGRAMAS SANITARIOS);50500007
50503006;PATOLOGIA ANIMAL;50500007
50503014;PATOLOGIA AVIARIA;50500007
50503022;ANATOMIA PATOLOGICA ANIMAL;50500007
50503030;PATOLOGIA CLINICA ANIMAL;50500007
50504002;REPRODUCAO ANIMAL;50500007
50504010;GINECOLOGIA E ANDROLOGIA ANIMAL;50500007
50504029;INSEMINACAO ARTIFICIAL ANIMAL;50500007
50504037;FISIOPATOLOGIA DA REPRODUCAO ANIMAL;50500007
50505009;INSPECAO DE PRODUTOS DE ORIGEM ANIMAL;50500007
50700006;CIENCIA E TECNOLOGIA DE ALIMENTOS;50000004
50701002;CIENCIA DE ALIMENTOS;50700006
50701010;VALOR NUTRITIVO DE ALIMENTOS;50700006
50701029;QUIMICA FISICA FISICO-QUIM. BIOQ. DOS ALI. MAT. PRIMAS ALI;50700006
50701037;MICROBIOLOGIA DE ALIMENTOS;50700006
50701045;FISIOLOGIA POS-COLHEITA;50700006
50701053;TOXICIDADE E RESIDUOS DE PESTICIDAS EM ALIMENTOS;50700006
50701061;AVALIACAO E CONTROLE DE QUALIDADE DE ALIMENTOS;50700006
50701070;PADROES LEGISLACAO E FISCALIZACAO DE ALIMENTOS;50700006
50702009;TECNOLOGIA DE ALIMENTOS;50700006
50702017;TECNOLOGIA DE PRODUTOS DE ORIGEM ANIMAL;50700006
50702025;TECNOLOGIA DE PRODUTOS DE ORIGEM VEGETAL;50700006
50702033;TECNOLOGIA DAS BEBIDAS;50700006
50702041;TECNOLOGIA DE ALIMENTOS DIETETICOS E NUTRICIONAIS;50700006
50702050;APROVEITAMENTO DE SUBPRODUTOS;50700006
50702068;EMBALAGENS DE PRODUTOS ALIMENTARES;50700006
50703005;ENGENHARIA DE ALIMENTOS;50700006
50703013;INSTALACOES INDUSTRIAIS DE PRODUCAO DE ALIMENTOS;50700006
50703021;ARMAZENAMENTO DE ALIMENTOS;50700006
60000007;CIENCIAS SOCIAIS APLICADAS;10000003
60100001;DIREITO;60000007
60101008;TEORIA DO DIREITO;60100001
60101016;TEORIA GERAL DO DIREITO;60100001
60101024;TEORIA GERAL DO PROCESSO;60100001
60101032;TEORIA DO ESTADO;60100001
60101040;HISTORIA DO DIREITO;60100001
60101059;FILOSOFIA DO DIREITO;60100001
60101067;LOGICA JURIDICA;60100001
60101075;SOCIOLOGIA JURIDICA;60100001
60101083;ANTROPOLOGIA JURIDICA;60100001
60102004;DIREITO PUBLICO;60100001
60102012;DIREITO TRIBUTARIO;60100001
60102020;DIREITO PENAL;60100001
60102039;DIREITO PROCESSUAL PENAL;60100001
60102047;DIREITO PROCESSUAL CIVIL;60100001
60102055;DIREITO CONSTITUCIONAL;60100001
60102063;DIREITO ADMINISTRATIVO;60100001
60102071;DIREITO INTERNACIONAL PUBLICO;60100001
60103000;DIREITO PRIVADO;60100001
60103019;DIREITO CIVIL;60100001
60103027;DIREITO COMERCIAL;60100001
60103035;DIREITO DO TRABALHO;60100001
60103043;DIREITO INTERNACIONAL PRIVADO;60100001
60104007;DIREITOS ESPECIAIS;60100001
60200006;ADMINISTRACAO;60000007
60201002;ADMINISTRACAO DE EMPRESAS;60200006
60201010;ADMINISTRACAO DE PRODUCAO;60200006
60201029;ADMINISTRACAO FINANCEIRA;60200006
60201037;MERCADOLOGIA;60200006
60201045;NEGOCIOS INTERNACIONAIS;60200006
60201053;ADMINISTRACAO DE RECURSOS HUMANOS;60200006
60202009;ADMINISTRACAO PUBLICA;60200006
60202017;CONTABILIDADE E FINANCAS PUBLICAS;60200006
60202025;ORGANIZACOES PUBLICAS;60200006
60202033;POLITICA E PLANEJAMENTO GOVERNAMENTAIS;60200006
60202041;ADMINISTRACAO DE PESSOAL;60200006
60203005;ADMINISTRACAO DE SETORES ESPECIFICOS;60200006
60204001;CIENCIAS CONTABEIS;60200006
61300004;TURISMO;60000007
60300000;ECONOMIA;60000007
60301007;TEORIA ECONOMICA;60300000
60301015;ECONOMIA GERAL;60300000
60301023;TEORIA GERAL DA ECONOMIA;60300000
60301031;HISTORIA DO PENSAMENTO ECONOMICO;60300000
60301040;HISTORIA ECONOMICA;60300000
60301058;SISTEMAS ECONOMICOS;60300000
60302003;METODOS QUANTITATIVOS EM ECONOMIA;60300000
60302011;METODOS E MODELOS MATEMAT. ECONOMETRICOS E ESTATISTICOS;60300000
60302020;ESTATISTICA SOCIO-ECONOMICA;60300000
60302038;CONTABILIDADE NACIONAL;60300000
60302046;ECONOMIA MATEMATICA;60300000
60303000;ECONOMIA MONETARIA E FISCAL;60300000
60303018;TEORIA MONETARIA E FINANCEIRA;60300000
60303026;INSTITUICOES MONETARIAS E FINANCEIRAS DO BRASIL;60300000
60303034;FINANCAS PUBLICAS INTERNAS;60300000
60303042;POLITICA FISCAL DO BRASIL;60300000
60304006;CRESCIMENTO FLUTUACOES E PLANEJAMENTO ECONOMICO;60300000
60304014;CRESCIMENTO E DESENVOLVIMENTO ECONOMICO;60300000
60304022;TEORIA E POLITICA DE PLANEJAMENTO ECONOMICO;60300000
60304030;FLUTACOES CICLICAS E PROJECOES ECONOMICAS;60300000
60304049;INFLACAO;60300000
60305002;ECONOMIA INTERNACIONAL;60300000
60305010;TEORIA DO COMERCIO INTERNACIONAL;60300000
60305029;RELACOES DO COMERCIO POLIT. COMERCIAL INTEGRACAO ECONOMICA;60300000
60305037;BALANCO DE PAGAMENTO FINANCAS INTERNACIONAIS;60300000
60305045;INVESTIMENTOS INTERNACIONAIS E AJUDA EXTERNA;60300000
60306009;ECONOMIA DOS RECURSOS HUMANOS;60300000
60306017;TREIN. E ALOCACAO DE MAO-DE-OBRAOFERTA MAO-DE-OBRA F. TRAB.;60300000
60306025;MERCADO DE TRABALHO POLITICA DO GOVERNO;60300000
60306033;SINDICATOS DISSIDIOS COLET. RELACOES DE EMPREGO(EMP./EMP);60300000
60306041;CAPITAL HUMANO;60300000
60306050;DEMOGRAFIA ECONOMICA;60300000
60307005;ECONOMIA INDUSTRIAL;60300000
60307013;ORGANIZACAO INDUSTRIAL E ESTUDOS INDUSTRIAIS;60300000
60307021;MUDANCA TECNOLOGICA;60300000
60308001;ECONOMIA DO BEM-ESTAR SOCIAL;60300000
60308010;ECONOMIA DOS PROGRAMAS DE BEM-ESTAR SOCIAL;60300000
60308028;ECONOMIA DO CONSUMIDOR;60300000
60309008;ECONOMIA REGIONAL E URBANA;60300000
60309016;ECONOMIA REGIONAL;60300000
60309024;ECONOMIA URBANA;60300000
60309032;RENDA E TRIBUTACAO;60300000
60310006;ECONOMIAS AGRARIA E DOS RECURSOS NATURAIS;60300000
60310014;ECONOMIA AGRARIA;60300000
60310022;ECONOMIA DOS RECURSOS NATURAIS;60300000
60400005;ARQUITETURA E URBANISMO;60000007
60401001;FUNDAMENTOS DE ARQUITETURA E URBANISMO;60400005
60401010;HISTORIA DA ARQUITETURA E URBANISMO;60400005
60401028;TEORIA DA ARQUITETURA;60400005
60401036;HISTORIA DO URBANISMO;60400005
60401044;TEORIA DO URBANISMO;60400005
60402008;PROJETO DE ARQUITETURA E URBANISMO;60400005
60402016;PLANEJAMENTO E PROJETOS DA EDIFICACAO;60400005
60402024;PLANEJAMENTO E PROJETO DO ESPACO URBANO;60400005
60402032;PLANEJAMENTO E PROJETO DO EQUIPAMENTO;60400005
60403004;TECNOLOGIA DE ARQUITETURA E URBANISMO;60400005
60403012;ADEQUACAO AMBIENTAL;60400005
60404000;PAISAGISMO;60400005
60404019;DESENVOLVIMENTO HISTORICO DO PAISAGISMO;60400005
60404027;CONCEITUACAO DE PAISAGISMO E METODOLOGIA DO PAISAGISMO;60400005
60404035;ESTUDOS DE ORGANIZACAO DO ESPACO EXTERIOR;60400005
60404043;PROJETOS DE ESPACOS LIVRES URBANOS;60400005
61200000;DESENHO INDUSTRIAL;60000007
60500000;PLANEJAMENTO URBANO E REGIONAL;60000007
60501006;FUNDAMENTOS DO PLANEJAMENTO URBANO E REGIONAL;60500000
60501014;TEORIA DO PLANEJAMENTO URBANO E REGIONAL;60500000
60501022;TEORIA DA URBANIZACAO;60500000
60501030;POLITICA URBANA;60500000
60501049;HISTORIA URBANA;60500000
60502002;METODOS E TECNICAS DO PLANEJAMENTO URBANO E REGIONAL;60500000
60502010;INFORMACAO CADASTRO E MAPEAMENTO;60500000
60502029;TECNICA DE PREVISAO URBANA E REGIONAL;60500000
60502037;TECNICAS DE ANALISE E AVALIACAO URBANA E REGIONAL;60500000
60502045;TECNICAS DE PLANEJAMENTO E PROJETO URBANOS E REGIONAIS;60500000
60503009;SERVICOS URBANOS E REGIONAIS;60500000
60503017;ADMINISTRACAO MUNICIPAL E URBANA;60500000
60503025;ESTUDOS DA HABITACAO;60500000
60503033;ASPECTOS SOCIAIS DO PLANEJAMENTO URBANO E REGIONAL;60500000
60503041;ASPECTOS ECONOMICOS DO PLANEJAMENTO URBANO E REGIONAL;60500000
60503050;ASPECTOS FISICO-AMBIENTAIS DO PLANEJ. URBANO E REGIONAL;60500000
60503068;SERVICOS COMUNITARIOS;60500000
60503076;INFRA-ESTRUTURAS URBANAS E REGIONAIS;60500000
60503084;TRANSPORTE E TRAFEGO URBANO E REGIONAL;60500000
60503092;LEGISLACAO URBANA E REGIONAL;60500000
60600004;DEMOGRAFIA;60000007
60601000;DISTRIBUICAO ESPACIAL;60600004
60601019;DISTRIBUICAO ESPACIAL GERAL;60600004
60601027;DISTRIBUICAO ESPACIAL URBANA;60600004
60601035;DISTRIBUICAO ESPACIAL RURAL;60600004
60602007;TENDENCIA POPULACIONAL;60600004
60602015;TENDENCIAS PASSADAS;60600004
60602023;TAXAS E ESTIMATIVAS CORRENTES;60600004
60602031;PROJECOES;60600004
60603003;COMPONENTES DA DINAMICA DEMOGRAFICA;60600004
60603011;FECUNDIDADE;60600004
60603020;MORTALIDADE;60600004
60603038;MIGRACAO;60600004
60604000;NUPCIALIDADE E FAMILIA;60600004
60604018;CASAMENTO E DIVORCIO;60600004
60604026;FAMILIA E REPRODUCAO;60600004
60605006;DEMOGRAFIA HISTORICA;60600004
60605014;DISTRIBUICAO ESPACIAL;60600004
60605022;NATALIDADE MORTALIDADE MIGRACAO;60600004
60605049;METODOS E TECNICAS DE DEMOGRAFIA HISTORICA;60600004
60606002;POLITICA PUBLICA E POPULACAO;60600004
60606010;POLITICA POPULACIONAL;60600004
60606029;POLITICAS DE REDISTRIBUICAO DE POPULACAO;60600004
60606037;POLITICAS DE PLANEJAMENTO FAMILIAR;60600004
60607009;FONTES DE DADOS DEMOGRAFICOS;60600004
60700009;CIENCIA DA INFORMACAO;60000007
60701005;TEORIA DA INFORMACAO;60700009
60701013;TEORIA GERAL DA INFORMACAO;60700009
60701021;PROCESSOS DA COMUNICACAO;60700009
60701030;REPRESENTACAO DA INFORMACAO;60700009
60702001;BIBLIOTECONOMIA;60700009
60702010;TEORIA DA CLASSIFICACAO;60700009
60702028;METODOS QUANTITATIVOS BIBLIOMETRIA;60700009
60702036;TECNICAS DE RECUPERACAO DE INFORMACAO;60700009
60702044;PROCESSOS DE DISSEMINACAO DA INFORMACAO;60700009
60703008;ARQUIVOLOGIA;60700009
60703016;ORGANIZACAO DE ARQUIVOS;60700009
60800003;MUSEOLOGIA;60000007
60900008;COMUNICACAO;60000007
60901004;TEORIA DA COMUNICACAO;60900008
60902000;JORNALISMO E EDITORACAO;60900008
60902019;TEORIA E ETICA DO JORNALISMO;60900008
60902027;ORGANIZACAO EDITORIAL DE JORNAIS;60900008
60902035;ORGANIZACAO COMERCIAL DE JORNAIS;60900008
60902043;JORNALISMO ESPECIALIZADO (COMUNITARIO RURAL EMP. CIENTIF.);60900008
60903007;RADIO E TELEVISAO;60900008
60903015;RADIODIFUSAO;60900008
60903023;VIDEODIFUSAO;60900008
60904003;RELACOES PUBLICAS E PROPAGANDA;60900008
60905000;COMUNICACAO VISUAL;60900008
61201006;PROGRAMACAO VISUAL;60900008
61202002;DESENHO DE PRODUTO;60900008
61000000;SERVICO SOCIAL;60000007
61000001;SERVICO SOCIAL;61000000
61001007;FUNDAMENTOS DO SERVICO SOCIAL;61000000
61002003;SERVICO SOCIAL APLICADO;61000000
61002011;SERVICO SOCIAL DO TRABALHO;61000000
61002020;SERVICO SOCIAL DA EDUCACAO;61000000
61002038;SERVICO SOCIAL DO MENOR;61000000
61002046;SERVICO SOCIAL DA SAUDE;61000000
61002054;SERVICO SOCIAL DA HABITACAO;61000000
61100005;ECONOMIA DOMESTICA;61000000
70000000;CIENCIAS HUMANAS;10000003
70100004;FILOSOFIA;70000000
70101000;HISTORIA DA FILOSOFIA;70100004
70102007;METAFISICA;70100004
70103003;LOGICA;70100004
70104000;ETICA;70100004
70105006;EPISTEMOLOGIA;70100004
70106002;FILOSOFIA BRASILEIRA;70100004
71000003;TEOLOGIA;70000000
71001000;HISTORIA DA TEOLOGIA;71000003
71002006;TEOLOGIA MORAL;71000003
71003002;TEOLOGIA SISTEMATICA;71000003
71004009;TEOLOGIA PASTORAL;71000003
70200009;SOCIOLOGIA;70000000
70201005;FUNDAMENTOS DA SOCIOLOGIA;70200009
70201013;TEORIA SOCIOLOGICA;70200009
70201021;HISTORIA DA SOCIOLOGIA;70200009
70202001;SOCIOLOGIA DO CONHECIMENTO;70200009
70203008;SOCIOLOGIA DO DESENVOLVIMENTO;70200009
70204004;SOCIOLOGIA URBANA;70200009
70205000;SOCIOLOGIA RURAL;70200009
70206007;SOCIOLOGIA DA SAUDE;70200009
70207003;OUTRAS SOCIOLOGIAS ESPECIFICAS;70200009
70300003;ANTROPOLOGIA;70000000
70301000;TEORIA ANTROPOLOGICA;70300003
70302006;ETNOLOGIA INDIGENA;70300003
70303002;ANTROPOLOGIA URBANA;70300003
70304009;ANTROPOLOGIA RURAL;70300003
70305005;ANTROPOLOGIA DAS POPULACOES AFRO-BRASILEIRAS;70300003
70400008;ARQUEOLOGIA;70000000
70401004;TEORIA E METODO EM ARQUEOLOGIA;70400008
70402000;ARQUEOLOGIA PRE-HISTORICA;70400008
70403007;ARQUEOLOGIA HISTORICA;70400008
70500002;HISTORIA;70000000
70501009;TEORIA E FILOSOFIA DA HISTORIA;70500002
70502005;HISTORIA ANTIGA E MEDIEVAL;70500002
70503001;HISTORIA MODERNA E CONTEMPORANEA;70500002
70504008;HISTORIA DA AMERICA;70500002
70504016;HISTORIA DOS ESTADOS UNIDOS;70500002
70504024;HISTORIA LATINO-AMERICANA;70500002
70505004;HISTORIA DO BRASIL;70500002
70505012;HISTORIA DO BRASIL COLONIA;70500002
70505020;HISTORIA DO BRASIL IMPERIO;70500002
70505039;HISTORIA DO BRASIL REPUBLICA;70500002
70505047;HISTORIA REGIONAL DO BRASIL;70500002
70506000;HISTORIA DAS CIENCIAS;70500002
70600007;GEOGRAFIA;70000000
70601003;GEOGRAFIA HUMANA;70600007
70601011;GEOGRAFIA DA POPULACAO;70600007
70601020;GEOGRAFIA AGRARIA;70600007
70601038;GEOGRAFIA URBANA;70600007
70601046;GEOGRAFIA ECONOMICA;70600007
70601054;GEOGRAFIA POLITICA;70600007
70602000;GEOGRAFIA REGIONAL;70600007
70602018;TEORIA DO DESENVOLVIMENTO REGIONAL;70600007
70602026;REGIONALIZACAO;70600007
70602034;ANALISE REGIONAL;70600007
70700001;PSICOLOGIA;70000000
70701008;FUNDAMENTOS E MEDIDAS DA PSICOLOGIA;70700001
70701016;HISTORIA TEORIAS E SISTEMAS EM PSICOLOGIA;70700001
70701024;METODOLOGIA INSTRUMENTACAO E EQUIPAMENTO EM PSICOLOGIA;70700001
70701032;CONSTRUCAO E VALIDADE DE TESTES ESC. E O. MEDIDAS PSICOLOG.;70700001
70701040;TECN. DE PROCES. ESTAT. MATEMATICO E COMPUT. EM PSICOLOGIA;70700001
70702004;PSICOLOGIA EXPERIMENTAL;70700001
70702012;PROCESSOS PERCEPTUAIS E MOTORES;70700001
70702020;PROCESSOS DE APRENDIZAGEM MEMORIA E MOTIVACAO;70700001
70702039;PROCESSOS COGNITIVOS E ATENCIONAIS;70700001
70702047;ESTADOS SUBJETIVOS E EMOCAO;70700001
70703000;PSICOLOGIA FISIOLOGICA;70700001
70703019;NEUROLOGIA ELETROFISIOLOGIA E COMPORTAMENTO;70700001
70703027;PROCESSOS PSICO-FISIOLOGICOS;70700001
70703035;ESTIMULACAO ELETRICA E COM DROGAS COMPORTAMENTO;70700001
70703043;PSICOBIOLOGIA;70700001
70704007;PSICOLOGIA COMPARATIVA;70700001
70704015;ESTUDOS NATURALISTICOS DO COMPORTAMENTO ANIMAL;70700001
70704023;MECANISMOS INSTINTIVOS E PROCESSOS SOCIAIS EM ANIMAIS;70700001
70705003;PSICOLOGIA SOCIAL;70700001
70705011;RELACOES INTERPESSOAIS;70700001
70705020;PROCESSOS GRUPAIS E DE COMUNICACAO;70700001
70705038;PAPEIS E ESTRUTURAS SOCIAIS INDIVIDUO;70700001
70706000;PSICOLOGIA COGNITIVA;70700001
70707006;PSICOLOGIA DO DESENVOLVIMENTO HUMANO;70700001
70707014;PROCESSOS PERCEPTUAIS E COGNITIVOS DESENVOLVIMENTO;70700001
70707022;DESENVOLVIMENTO SOCIAL E DA PERSONALIDADE;70700001
70708002;PSICOLOGIA DO ENSINO E DA APRENDIZAGEM;70700001
70708010;PLANEJAMENTO INSTITUCIONAL;70700001
70708029;PROGRAMACAO DE CONDICOES DE ENSINO;70700001
70708037;TREINAMENTO DE PESSOAL;70700001
70708045;APRENDIZAGEM E DESEMPENHO ACADEMICOS;70700001
70708053;ENSINO E APRENDIZAGEM NA SALA DE AULA;70700001
70709009;PSICOLOGIA DO TRABALHO E ORGANIZACIONAL;70700001
70709017;ANALISE INSTITUCIONAL;70700001
70709025;RECRUTAMENTO E SELECAO DE PESSOAL;70700001
70709033;TREINAMENTO E AVALIACAO;70700001
70709041;FATORES HUMANOS NO TRABALHO;70700001
70709050;PLANEJAMENTO AMBIENTAL E COMPORTAMENTO HUMANO;70700001
70710007;TRATAMENTO E PREVENCAO PSICOLOGICA;70700001
70710015;INTERVENCAO TERAPEUTICA;70700001
70710023;PROGRAMAS DE ATENDIMENTO COMUNITARIO;70700001
70710031;TREINAMENTO E REABILITACAO;70700001
70710040;DESVIOS DA CONDUTA;70700001
70710058;DISTURBIOS DA LINGUAGEM;70700001
70710066;DISTURBIOS PSICOSSOMATICOS;70700001
70800006;EDUCACAO;70000000
70801002;FUNDAMENTOS DA EDUCACAO;70800006
70801010;FILOSOFIA DA EDUCACAO;70800006
70801029;HISTORIA DA EDUCACAO;70800006
70801037;SOCIOLOGIA DA EDUCACAO;70800006
70801045;ANTROPOLOGIA EDUCACIONAL;70800006
70801053;ECONOMIA DA EDUCACAO;70800006
70801061;PSICOLOGIA EDUCACIONAL;70800006
70802009;ADMINISTRACAO EDUCACIONAL;70800006
70802017;ADMINISTRACAO DE SISTEMAS EDUCACIONAIS;70800006
70802025;ADMINISTRACAO DE UNIDADES EDUCATIVAS;70800006
70803005;PLANEJAMENTO E AVALIACAO EDUCACIONAL;70800006
70803013;POLITICA EDUCACIONAL;70800006
70803021;PLANEJAMENTO EDUCACIONAL;70800006
70803030;AVAL. DE SISTEMAS INST. PLANOS  E PROGRAMAS EDUCACIONAIS;70800006
70804001;ENSINO-APRENDIZAGEM;70800006
70804010;TEORIAS DA INSTRUCAO;70800006
70804028;METODOS E TECNICAS DE ENSINO;70800006
70804036;TECNOLOGIA EDUCACIONAL;70800006
70804044;AVALIACAO DA APRENDIZAGEM;70800006
70805008;CURRICULO;70800006
70805016;TEORIA GERAL DE PLANEJAMENTO E DESENV. CURRICULAR;70800006
70805024;CURRICULOS ESPECIFICOS PARA NIVEIS E TIPOS DE EDUCACAO;70800006
70806004;ORIENTACAO E ACONSELHAMENTO;70800006
70806012;ORIENTACAO EDUCACIONAL;70800006
70806020;ORIENTACAO VOCACIONAL;70800006
70807000;TOPICOS ESPECIFICOS DE EDUCACAO;70800006
70807019;EDUCACAO DE ADULTOS;70800006
70807027;EDUCACAO PERMANENTE;70800006
70807035;EDUCACAO RURAL;70800006
70807043;EDUCACAO EM PERIFERIAS URBANAS;70800006
70807051;EDUCACAO ESPECIAL;70800006
70807060;EDUCACAO PRE-ESCOLAR;70800006
70807078;ENSINO PROFISSIONALIZANTE;70800006
70900000;CIENCIA POLITICA;70000000
70901007;TEORIA POLITICA;70900000
70901015;TEORIA POLITICA CLASSICA;70900000
70901023;TEORIA POLITICA MEDIEVAL;70900000
70901031;TEORIA POLITICA MODERNA;70900000
70901040;TEORIA POLITICA CONTEMPORANEA;70900000
70902003;ESTADO E GOVERNO;70900000
70902011;ESTRUTURA E TRANSFORMACAO DO ESTADO;70900000
70902020;SISTEMAS GOVERNAMENTAIS COMPARADOS;70900000
70902038;RELACOES INTERGOVERNAMENTAIS;70900000
70902046;ESTUDOS DO PODER LOCAL;70900000
70902054;INSTITUICOES GOVERNAMENTAIS ESPECIFICAS;70900000
70903000;COMPORTAMENTO POLITICO;70900000
70903018;ESTUDOS ELEITORAIS E PARTIDOS POLITICOS;70900000
70903026;ATITUDE E IDEOLOGIAS POLITICAS;70900000
70903034;CONFLITOS E COALIZOES POLITICAS;70900000
70903042;COMPORTAMENTO LEGISLATIVO;70900000
70903050;CLASSES SOCIAIS E GRUPOS DE INTERESSE;70900000
70904006;POLITICAS PUBLICAS;70900000
70904014;ANALISE DO PROCESSO DECISORIO;70900000
70904022;ANALISE INSTITUCIONAL;70900000
70904030;TECNICAS DE ANTECIPACAO;70900000
70905002;POLITICA INTERNACIONAL;70900000
70905010;POLITICA EXTERNA DO BRASIL;70900000
70905029;ORGANIZACOES INTERNACIONAIS;70900000
70905037;INTEGRACAO INTERNACIONAL CONFLITO GUERRA E PAZ;70900000
70905045;RELACOES INTERNACIONAIS BILATERAIS E MULTILATERAIS;70900000
80000002;LINGUISTICA LETRAS E ARTES;10000003
80100007;LINGUISTICA;80000002
80101003;TEORIA E ANALISE LINGUISTICA;80100007
80102000;FISIOLOGIA DA LINGUAGEM;80100007
80103006;LINGUISTICA HISTORICA;80100007
80104002;SOCIOLINGUISTICA E DIALETOLOGIA;80100007
80105009;PSICOLINGUISTICA;80100007
80106005;LINGUISTICA APLICADA;80100007
80200001;LETRAS;80000002
80201008;LINGUA PORTUGUESA;80200001
80202004;LINGUAS ESTRANGEIRAS MODERNAS;80200001
80203000;LINGUAS CLASSICAS;80200001
80204007;LINGUAS INDIGENAS;80200001
80205003;TEORIA LITERARIA;80200001
80206000;LITERATURA BRASILEIRA;80200001
80207006;OUTRAS LITERATURAS VERNACULAS;80200001
80208002;LITERATURAS ESTRANGEIRAS MODERNAS;80200001
80209009;LITERATURAS CLASSICAS;80200001
80210007;LITERATURA COMPARADA;80200001
80300006;ARTES;80000002
80301002;FUNDAMENTOS E CRITICA DAS ARTES;80300006
80301010;TEORIA DA ARTE;80300006
80301029;HISTORIA DA ARTE;80300006
80301037;CRITICA DA ARTE;80300006
80302009;ARTES PLASTICAS;80300006
80302017;PINTURA;80300006
80302025;DESENHO;80300006
80302033;GRAVURA;80300006
80302041;ESCULTURA;80300006
80302050;CERAMICA;80300006
80302068;TECELAGEM;80300006
80303005;MUSICA;80300006
80303013;REGENCIA;80300006
80303021;INSTRUMENTACAO MUSICAL;80300006
80303030;COMPOSICAO MUSICAL;80300006
80303048;CANTO;80300006
80304001;DANCA;80300006
80304010;EXECUCAO DA DANCA;80300006
80304028;COREOGRAFIA;80300006
80305008;TEATRO;80300006
80305016;DRAMATURGIA;80300006
80305024;DIRECAO TEATRAL;80300006
80305032;CENOGRAFIA;80300006
80305040;INTERPRETACAO TEATRAL;80300006
80306004;OPERA;80300006
80307000;FOTOGRAFIA;80300006
80308007;CINEMA;80300006
80308015;ADMINISTRACAO E PRODUCAO DE FILMES;80300006
80308023;ROTEIRO E DIRECAO CINEMATOGRAFICOS;80300006
80308031;TECNICAS DE REGISTROS E PROCESSAMENTO DE FILMES;80300006
80308040;INTERPRETACAO CINEMATOGRAFICA;80300006
80309003;ARTES DO VIDEO;80300006
80310001;EDUCACAO ARTISTICA;80300006
90000005;MULTIDISCIPLINAR;10000003
90100000;INTERDISCIPLINAR;90000005
90191000;MEIO AMBIENTE E AGRARIAS;90100000
90192000;SOCIAIS E HUMANIDADES;90100000
90193000;ENGENHARIA/TECNOLOGIA/GESTAO;90100000
90194000;SAUDE E BIOLOGICAS;90100000
90200000;ENSINO;90000005
90201000;ENSINO DE CIENCIAS E MATEMATICA;90200000
90300009;MATERIAIS;90000005
90400003;BIOTECNOLOGIA;90000005
90500008;CIENCIAS AMBIENTAIS;90000005